timestamp,file_name,line_count,sha256
2026-05-26T14:06:35.504706,graves_history.csv,768,4198865aa856ed462fc0f629e0f0d617f5dcb04bf7c53c1ba083cbe3d93e144e
2026-05-26T14:06:35.504809,config.json,49,114f8e353caf3140c7358e73f8a1681b6df24714f794e06d152f2b55530bb163
2026-05-26T14:06:35.504849,metrics_cache.json,44,945648dcb47ef97c548a26605e58bb4c8afa1224e9eeaf540e40e5e113f6ee28
2026-05-26T20:42:49.321495,prediction_log.csv,1294,6e18cb5ba456d11e064bb57f14f8c136b43d8c9c3e5d60d3c558f616e1096c71
2026-05-27T01:57:24.738520,metrics_cache.json,44,d7a282e10a2cc342a168feb37be5f561d409b872d0d837409f8c1386f603e2ff
2026-05-27T01:57:32.976510,metrics_cache.json,44,75b66be7b43b5e6afc82633f123751d7007bd3e168f8367a23656a14df676a47
2026-05-27T01:57:37.587282,metrics_cache.json,44,9499b57a3891ccec10f78b3313d84cf1a969fb8ae235bae8c7bae3eaa1f8fc82
2026-05-26T21:03:27.144061,metrics_cache.json,44,bf8b14644e86aa6502cd97d79ff76fe2804c88b9a9cf92663abcff067ec9cb6d
2026-05-26T21:03:36.915058,metrics_cache.json,44,9ac02687a38c1d08c3d264b2d2bae3d09274eac2fae7b8c9388ceea441319da5
2026-05-26T21:03:39.662521,metrics_cache.json,44,204273795be3d208dd02531515c433cd1efa4194bbfe09dbdc76e25d1c9c65fd
2026-05-26T21:03:45.775623,metrics_cache.json,44,98cb9a813b9422d671ed13f2e07d7073bfd0eb1dca4dd74c41e5191d8917fa7c
2026-05-27T02:04:30.047030,metrics_cache.json,44,554dd0128989e51a2ea11a202383a84cf61d157f4b88738326a49939124af68f
2026-05-27T02:04:34.165999,metrics_cache.json,44,7f2601ed12a1cb9c91674e0f04587fb8cc5d0ee433eafad4d50a6d4430b293ae
2026-05-26T21:06:31.651799,metrics_cache.json,44,49f8ffd9df6c32ea940d12af795eb568569c2303c88801a3f7998653c0804a8a
2026-05-27T10:43:29.718706,prediction_log.csv,1295,0ebf12335765ffd3fa78ea73ecb952a61f587f3d7861c0dacb8e7b7193ff66a7
2026-05-27T11:02:35.063471,metrics_cache.json,44,4219ce1b026c6133f524348234b383b456e5742699884af23126d79f4db097b0
2026-05-27T16:03:16.611463,metrics_cache.json,44,49f8ffd9df6c32ea940d12af795eb568569c2303c88801a3f7998653c0804a8a
2026-05-27T11:05:47.730536,metrics_cache.json,44,4219ce1b026c6133f524348234b383b456e5742699884af23126d79f4db097b0
2026-05-27T20:12:11.686904,metrics_cache.json,44,ece5ba9326ec5ea689906fa67e945b0c2cd3f907c4af2180f38d52754ba09420
2026-05-27T20:12:14.980106,metrics_cache.json,44,41894220f33b8fef93aa8391647ada12a4d40a3d6dc2544c21c4e4977fc99ec2
2026-05-27T20:13:34.741857,graves_history.csv,769,b7694e2769981a2a469738f9084ed9c244ddfb00b2855a6bc5ea5e534ae32f2b
2026-05-28T01:14:29.035601,metrics_cache.json,44,632a0e63fe841a2ef302d912def68a3c1ba362513db7f22865f8d735fae7708b
2026-05-27T20:24:43.713692,metrics_cache.json,44,ee4212b727f83557cd400932700e94af89c001473f697a75980191ea49cac38e
2026-05-27T20:31:46.530406,metrics_cache.json,44,41894220f33b8fef93aa8391647ada12a4d40a3d6dc2544c21c4e4977fc99ec2
2026-05-27T20:32:01.997107,metrics_cache.json,44,632a0e63fe841a2ef302d912def68a3c1ba362513db7f22865f8d735fae7708b
